    timestamp,quantity,price,feature1,feature2
    2020-01-01,135,75000,-1.364809764197127,Green
    2020-01-02,126,90000,2.0090851217573604,Blue
    2020-01-03,173,60000,-1.4868519532003113,Green
    2020-01-04,148,60000,-1.5422745087678102,Blue
    2020-01-05,7,90000,2.5229229145297083,Green
    2020-01-06,139,75000,0.15663335794593358,Green
    2020-01-07,110,60000,2.5613493125036264,Red
    2020-01-08,151,90000,1.77777663593411,Green
    2020-01-09,89,75000,1.140920430942682,Blue
    2020-01-10,58,60000,-2.2569920230554703,Green
    2020-01-11,74,90000,2.5990284408292377,Green
    2020-01-12,21,60000,-2.8167997039680337,Blue
    2020-01-13,47,60000,2.889396608001764,Blue
    2020-01-14,106,90000,0.23860831221723622,Blue
    2020-01-15,148,60000,-0.19665394573496942,Blue
    2020-01-16,163,60000,-1.62043124520011,Blue
2020-01-17,85,90000,1.9599825337686942,Blue
2020-01-18,103,60000,0.6689539779966562,Green
2020-01-19,75,75000,2.6362107460490325,Blue
2020-01-20,187,90000,1.3278064325131496,Green
2020-01-21,17,90000,-2.097461054813431,Green
2020-01-22,160,60000,-1.5678701574818459,Blue
2020-01-23,128,90000,0.24361708236051927,Blue
2020-01-24,136,90000,0.23535047093477512,Red
2020-01-25,121,60000,-0.3236305878538621,Blue
2020-01-26,5,90000,-2.98606954674153,Red
2020-01-27,91,60000,-1.7779367958114498,Green
2020-01-28,119,60000,0.11191461793663038,Green
2020-01-29,59,60000,2.5079244972511336,Blue
2020-01-30,122,60000,-2.929617613876239,Green
2020-01-31,192,60000,-2.5482095760433428,Blue
2020-02-01,141,75000,0.9831463446700495,Green
2020-02-02,75,75000,-0.6430625777235024,Blue
2020-02-03,114,60000,0.6002703968381669,Red
2020-02-04,4,90000,-1.3771782709368428,Blue
2020-02-05,109,60000,1.050421895399582,Blue
2020-02-06,176,75000,-2.308291382153862,Red
2020-02-07,2,60000,-2.9227713755745324,Red
2020-02-08,151,60000,1.2136327823715973,Green
2020-02-09,180,60000,-2.484671084340212,Blue
2020-02-10,112,90000,2.8692689241587352,Blue
2020-02-11,22,60000,-1.5158316259115419,Green
2020-02-12,5,75000,0.2897187753484065,Green
2020-02-13,44,75000,0.7807717341453877,Red
2020-02-14,66,60000,-0.18836695059870223,Blue
2020-02-15,80,60000,-0.5427266855326951,Red
2020-02-16,36,60000,1.8289291983174563,Blue
2020-02-17,153,75000,1.5148032569455667,Red
2020-02-18,49,60000,0.6907062652792817,Red
2020-02-19,90,75000,0.2145324267127986,Green
2020-02-20,132,75000,-0.0998216318803653,Green
2020-02-21,83,90000,2.1206204843698107,Blue
2020-02-22,91,90000,0.21350345767344958,Green
2020-02-23,32,60000,-1.1317300763791844,Green
2020-02-24,82,90000,2.859557480241479,Blue
2020-02-25,125,90000,2.46684142375441,Blue
2020-02-26,37,60000,-0.4781198663739552,Blue
2020-02-27,57,75000,-0.8985587538627566,Red
2020-02-28,87,90000,-1.9864397792293422,Red
2020-02-29,116,75000,-2.784115805484576,Blue
2020-03-01,57,90000,1.0867970862383398,Blue
2020-03-02,181,90000,-2.2251766779174296,Blue
2020-03-03,48,60000,1.4587376921161574,Red
2020-03-04,36,75000,2.8786922948504907,Green
2020-03-05,135,75000,0.7691741241105712,Green
2020-03-06,167,60000,-0.11100819608028223,Green
2020-03-07,60,90000,1.6602267371744794,Blue
2020-03-08,63,90000,1.3625122213797223,Red
2020-03-09,29,90000,1.1462717198452372,Blue
2020-03-10,70,60000,1.0801899325828153,Red
2020-03-11,27,60000,-2.6922213099565013,Red
2020-03-12,157,90000,-0.4203063718351423,Blue
2020-03-13,40,75000,2.0851125269355535,Green
2020-03-14,137,90000,-0.8096205448597709,Red
2020-03-15,107,75000,0.09392144784386725,Blue
2020-03-16,192,90000,-1.3785926257424974,Green
2020-03-17,103,90000,-0.5584546089738938,Blue
2020-03-18,128,90000,-1.1435633210875893,Green
2020-03-19,49,75000,-0.6792358500669913,Blue
2020-03-20,181,90000,1.804356671203255,Red
2020-03-21,24,90000,-0.8654959273613403,Green
2020-03-22,97,90000,2.521139302728181,Blue
2020-03-23,93,90000,-2.8882781563145574,Green
2020-03-24,3,60000,1.193424295641485,Green
2020-03-25,102,90000,-2.1854776726957628,Red
2020-03-26,5,75000,0.7815302980274401,Red
2020-03-27,182,75000,0.7718041705243528,Red
2020-03-28,193,90000,2.1879590740752235,Red
2020-03-29,105,90000,0.8465586252313235,Red
2020-03-30,39,60000,-2.3347404146015207,Blue
2020-03-31,1,90000,1.7426059826190112,Green
2020-04-01,199,75000,0.24105805791428558,Red
2020-04-02,2,60000,-2.655210254829465,Blue
2020-04-03,174,90000,-2.2968482189150983,Blue
2020-04-04,184,90000,2.4502636619707205,Green
2020-04-05,56,60000,-1.342343437095845,Green
2020-04-06,27,90000,-2.798569566412408,Green
2020-04-07,27,60000,0.14431013683830818,Green
2020-04-08,147,90000,0.7563492779953802,Green
2020-04-09,105,75000,0.611748106626361,Green
2020-04-10,116,75000,1.7494608720058853,Green
2020-04-11,74,75000,1.6573323001740317,Green
2020-04-12,115,75000,-1.879854686849581,Red
2020-04-13,66,90000,2.501743217200115,Red
2020-04-14,96,90000,0.08032791227518121,Green
2020-04-15,102,90000,1.468179773798771,Green
2020-04-16,2,90000,2.7212020359510714,Blue
2020-04-17,96,90000,-2.5871919597055157,Blue
2020-04-18,42,75000,2.648126676041583,Blue
2020-04-19,112,90000,1.8349097751435917,Red
2020-04-20,81,75000,-2.4896351047578795,Blue
2020-04-21,100,90000,-1.654287257703503,Green
2020-04-22,84,75000,-0.5079641705285205,Blue
2020-04-23,140,60000,1.7771713300075742,Red
2020-04-24,66,90000,-1.4826169292496354,Blue
2020-04-25,17,75000,-2.6691342835248895,Red
2020-04-26,106,90000,-1.4777886140657657,Blue
2020-04-27,13,90000,0.3856174214015109,Red
2020-04-28,69,60000,1.927635729394427,Green
2020-04-29,184,60000,2.563818920185346,Green
2020-04-30,170,75000,-1.190266621057987,Green
2020-05-01,144,60000,1.7652070227872096,Red
2020-05-02,3,90000,2.9040434135914746,Green
2020-05-03,154,60000,1.3201293135490761,Green
2020-05-04,158,75000,-0.49129165173272904,Blue
2020-05-05,35,90000,-2.744268234183905,Green
2020-05-06,94,90000,-1.1054862632288236,Blue
2020-05-07,180,75000,2.275342117857285,Blue
2020-05-08,144,60000,2.135243830647342,Green
2020-05-09,27,75000,-0.6734253357497231,Red
2020-05-10,58,60000,-0.7466514166238198,Green
2020-05-11,180,90000,0.27520487374610303,Blue
2020-05-12,175,90000,-1.5607182658498073,Red
2020-05-13,56,90000,-2.222116824989338,Red
2020-05-14,173,60000,1.8764562733652932,Green
2020-05-15,197,60000,1.1833574058733793,Red
2020-05-16,118,60000,2.298756692068366,Blue
2020-05-17,169,90000,1.5623423098012594,Red
2020-05-18,168,60000,-0.3307771650140414,Green
2020-05-19,150,60000,0.133782538137853,Blue
2020-05-20,122,90000,2.3628467196099834,Red
2020-05-21,190,75000,-1.4051810657410144,Green
2020-05-22,147,60000,-0.941678077865685,Green
2020-05-23,107,60000,0.9037943735486409,Red
2020-05-24,99,60000,-1.4141863241048265,Red
2020-05-25,62,90000,-2.5785409810031155,Blue
2020-05-26,87,90000,1.487056596219734,Blue
2020-05-27,36,90000,0.6631819865783899,Blue
2020-05-28,178,75000,1.1635445654485999,Blue
2020-05-29,168,75000,-0.7099186023316486,Red
2020-05-30,173,60000,1.0723868443144378,Green
2020-05-31,131,75000,-2.5312728608867956,Red
2020-06-01,133,90000,-1.22664368648874,Blue
2020-06-02,125,60000,-1.2182967562324012,Blue
2020-06-03,120,60000,0.32460340192004544,Blue
2020-06-04,178,75000,-1.9371906461331088,Blue
2020-06-05,181,90000,-0.724400895449131,Green
2020-06-06,181,90000,-2.76663911794875,Red
2020-06-07,107,75000,-0.41602551756109385,Red
2020-06-08,71,90000,-2.343690863233295,Blue
2020-06-09,74,75000,-0.01738754075897564,Blue
2020-06-10,132,60000,-0.0990716024491829,Blue
2020-06-11,73,60000,1.4868032398107873,Green
2020-06-12,182,75000,-1.553308460650405,Green
2020-06-13,156,75000,2.2643307988256813,Green
2020-06-14,131,75000,-2.058293972047384,Blue
2020-06-15,165,75000,-0.544246383834047,Red
2020-06-16,130,75000,2.7285529497669927,Blue
2020-06-17,161,75000,-1.7702218464501371,Green
2020-06-18,177,90000,1.0556546233869115,Green
2020-06-19,181,60000,0.14780411272426175,Red
2020-06-20,192,60000,-2.669439684367597,Red
2020-06-21,71,75000,0.23094473287647332,Blue
2020-06-22,8,90000,-1.135049813015424,Green
2020-06-23,87,60000,-0.506887237697045,Red
2020-06-24,35,60000,-0.2625213344936861,Red
2020-06-25,180,60000,0.8313722868623294,Red
2020-06-26,101,75000,-1.4196867127234545,Blue
2020-06-27,12,60000,-2.8481781414058034,Green
2020-06-28,71,90000,-0.21276569534492218,Green
2020-06-29,53,75000,1.3185150527192606,Blue
2020-06-30,52,75000,0.15060639098030748,Red
2020-07-01,62,60000,2.2576876733010653,Blue
2020-07-02,82,75000,1.0389651092669077,Blue
2020-07-03,48,60000,-0.7509828342225218,Red
2020-07-04,108,60000,-0.8591727457894782,Green
2020-07-05,174,75000,2.7168655432263096,Red
2020-07-06,88,75000,-1.4451942617078746,Red
2020-07-07,91,60000,-0.3456085042124526,Green
2020-07-08,181,90000,2.9471923728703118,Green
2020-07-09,133,60000,0.9328167769879956,Green
2020-07-10,192,90000,-0.13198437369690197,Blue
2020-07-11,66,90000,-2.4262454768181714,Blue
2020-07-12,178,75000,0.5986769727188355,Green
2020-07-13,15,90000,-0.3786009283176872,Red
2020-07-14,109,60000,0.6073082850375751,Red
2020-07-15,78,75000,-2.1443802196539083,Blue
2020-07-16,48,90000,2.001287605329928,Green
2020-07-17,164,75000,-2.7565809354784867,Blue
2020-07-18,40,75000,0.323116792320036,Blue
2020-07-19,194,60000,2.9095981476208674,Green
2020-07-20,185,90000,-2.219434869705526,Red
2020-07-21,121,90000,1.9725166600681785,Green
2020-07-22,6,90000,-1.3798482186619878,Red
2020-07-23,80,60000,2.932035389899985,Red
2020-07-24,138,60000,-1.3931314048418229,Blue
2020-07-25,159,90000,-1.8965637765931749,Green
2020-07-26,112,60000,-2.765119697067994,Green
2020-07-27,120,75000,1.4454945551657508,Green
2020-07-28,170,75000,-1.0268088391058174,Green
2020-07-29,115,75000,-2.608671374729565,Red
2020-07-30,130,60000,-0.5061161667027312,Green
2020-07-31,87,90000,1.3022212929862667,Green
2020-08-01,192,90000,0.17722473252250115,Green
2020-08-02,185,60000,-2.542361282744121,Red
2020-08-03,95,75000,0.7181789604383928,Red
2020-08-04,47,60000,-0.5760767565519536,Green
2020-08-05,114,90000,0.5102874956634329,Red
2020-08-06,70,90000,-2.9712227522470407,Blue
2020-08-07,59,90000,-2.9122028834525278,Red
2020-08-08,187,90000,-0.09945834723324243,Blue
2020-08-09,66,75000,2.920226901466064,Red
2020-08-10,45,90000,-0.39794250079734983,Green
2020-08-11,147,75000,2.1762441739570573,Blue
2020-08-12,184,75000,0.7794288798997062,Green
2020-08-13,15,90000,-2.067449825427409,Green
2020-08-14,33,75000,-0.736008191755344,Blue
2020-08-15,163,90000,-0.07584845093626003,Red
2020-08-16,56,60000,-2.5967544900976947,Red
2020-08-17,114,90000,2.4374875537117022,Blue
2020-08-18,63,90000,1.6707802841604869,Green
2020-08-19,63,90000,-2.140063010566279,Green
2020-08-20,127,90000,-1.3750065803213702,Green
2020-08-21,62,75000,1.4065492286489567,Red
2020-08-22,14,75000,-1.857829046086709,Green
2020-08-23,40,60000,-0.979752277469959,Red
2020-08-24,136,75000,0.024891439329581377,Red
2020-08-25,185,90000,0.42761932282146287,Red
2020-08-26,78,90000,-1.7641682060610266,Green
2020-08-27,161,90000,-1.1325173449878831,Green
2020-08-28,77,75000,0.26555591221631847,Red
2020-08-29,133,60000,-2.874048498707811,Green
2020-08-30,118,60000,1.437094788904652,Red
2020-08-31,183,75000,-2.620952998520685,Blue
2020-09-01,115,75000,-2.094580544522942,Blue
2020-09-02,10,90000,0.3092943790157152,Blue
2020-09-03,80,60000,-2.003456752680468,Green
2020-09-04,19,90000,-2.931109326398248,Red
2020-09-05,52,75000,-0.1602550776792584,Red
2020-09-06,133,60000,-0.3436843619485055,Green
2020-09-07,67,75000,0.31688896884650397,Blue
2020-09-08,85,60000,0.03403123737957792,Blue
2020-09-09,23,75000,1.1549981448433186,Red
2020-09-10,157,75000,0.2914327962951382,Red
2020-09-11,58,75000,2.548096625084594,Red
2020-09-12,83,60000,0.09237653493603393,Green
2020-09-13,48,75000,0.32882098672020454,Red
2020-09-14,157,75000,-0.059287273015547814,Green
2020-09-15,56,60000,0.053878998988329485,Blue
2020-09-16,81,75000,-1.7853171117854598,Red
2020-09-17,22,90000,-2.0445334163875035,Red
2020-09-18,138,60000,-1.5021567674274732,Green
2020-09-19,49,60000,-0.7271631366207068,Green
2020-09-20,142,60000,2.999274658454607,Green
2020-09-21,23,75000,0.010491052042310933,Blue
2020-09-22,150,75000,1.8328146593917811,Blue
2020-09-23,16,75000,-2.0214997706228606,Red
2020-09-24,84,60000,-0.10581542545277767,Green
2020-09-25,22,75000,2.8801033414038217,Green
2020-09-26,138,75000,0.4682289989942263,Red
2020-09-27,175,90000,2.747392615049163,Red
2020-09-28,35,75000,1.5701476359401,Blue
2020-09-29,45,90000,-1.1496753832397444,Green
2020-09-30,83,90000,-2.6828271414658813,Green
2020-10-01,14,75000,-1.390238350945943,Blue
2020-10-02,17,90000,0.8066479602605967,Blue
2020-10-03,158,75000,0.5849975896503636,Green
2020-10-04,70,60000,-1.829380822444285,Blue
2020-10-05,40,60000,1.892156652792547,Green
2020-10-06,126,90000,2.37126273088683,Green
2020-10-07,10,60000,-0.40747888638067575,Green
2020-10-08,81,75000,-1.706765524405562,Green
2020-10-09,59,60000,-0.8986017604825625,Red
2020-10-10,136,60000,2.120144325541367,Red
2020-10-11,142,90000,-1.397243139082405,Green
2020-10-12,156,60000,-1.9283193129578111,Red
2020-10-13,56,90000,-0.8471949693302276,Blue
2020-10-14,159,60000,-1.3877197398259182,Red
2020-10-15,103,90000,-2.841362944133846,Green
2020-10-16,123,75000,-2.8543787062083856,Green
2020-10-17,186,75000,-0.1354779804946844,Blue
2020-10-18,61,90000,1.7351339696163182,Blue
2020-10-19,65,90000,2.6789515659068197,Blue
2020-10-20,59,90000,-1.5306678119303803,Green
2020-10-21,132,75000,-1.1879348502405165,Blue
2020-10-22,45,90000,0.5721415241709895,Red
2020-10-23,84,60000,-1.25231159534004,Blue
2020-10-24,111,75000,1.5074911615917843,Green
2020-10-25,104,60000,2.582069963368993,Red
2020-10-26,117,75000,0.5379494386407573,Red
2020-10-27,75,90000,1.3625804168465958,Blue
2020-10-28,42,60000,2.2428585138531796,Green
2020-10-29,196,60000,1.6096121711727793,Red
2020-10-30,81,75000,-1.7284267372033675,Red
2020-10-31,159,60000,-1.8900851619786694,Green
2020-11-01,54,75000,-2.7581765961161233,Green
2020-11-02,22,90000,-1.8416862294700747,Red
2020-11-03,162,90000,1.959335639053272,Green
2020-11-04,51,90000,-1.8097737337941115,Blue
2020-11-05,109,75000,-0.48316299620794645,Blue
2020-11-06,158,90000,1.4639011289595487,Red
2020-11-07,54,75000,1.8503119215272017,Green
2020-11-08,66,60000,0.35361966961946045,Blue
2020-11-09,31,90000,-1.1087994551542653,Green
2020-11-10,73,75000,1.6313301281594583,Red
2020-11-11,98,60000,1.1881112918700367,Red
2020-11-12,24,60000,2.6002712064088307,Red
2020-11-13,52,75000,-2.7097492962054983,Blue
2020-11-14,132,60000,1.9140536740397467,Red
2020-11-15,178,90000,1.3269528937749193,Red
2020-11-16,154,90000,-1.3416044894146801,Blue
2020-11-17,100,90000,1.2945053180595512,Green
2020-11-18,128,90000,0.7173140576420751,Red
2020-11-19,103,60000,-0.7653867763044637,Blue
2020-11-20,107,90000,0.42385528011867857,Red
2020-11-21,20,75000,-1.755283477584225,Blue
2020-11-22,198,90000,2.2672109263129254,Green
2020-11-23,61,75000,0.48851240826184616,Blue
2020-11-24,102,90000,2.785638461471363,Red
2020-11-25,46,90000,-2.804646980357875,Blue
2020-11-26,157,75000,-0.22462564870286705,Blue
2020-11-27,157,75000,-0.25304562515191087,Green
2020-11-28,2,60000,1.9458139246681458,Red
2020-11-29,59,75000,-1.1648444043213075,Blue
2020-11-30,6,90000,-1.3941930835146799,Red
2020-12-01,74,90000,-0.705236767303175,Green
2020-12-02,45,75000,0.002502731346464948,Blue
2020-12-03,161,60000,-1.0587121497283754,Blue
2020-12-04,189,60000,1.460834919230221,Blue
2020-12-05,192,75000,2.4290726256496136,Green
2020-12-06,178,75000,-1.3835758740827149,Green
2020-12-07,52,60000,1.2092671410039513,Red
2020-12-08,165,90000,-2.8426199365674405,Red
2020-12-09,85,60000,-1.7445652590696519,Blue
2020-12-10,144,60000,1.3947781629473912,Red
2020-12-11,157,90000,-2.419083740694415,Green
2020-12-12,114,60000,-0.23727443955966,Blue
2020-12-13,101,75000,0.27775763276437804,Green
2020-12-14,177,90000,-0.5493312805963106,Blue
2020-12-15,76,90000,-1.0141508268868382,Red
2020-12-16,130,90000,1.266218313999314,Green
2020-12-17,183,75000,0.7465665340432492,Red
2020-12-18,142,90000,-0.9283005284291694,Red
2020-12-19,196,75000,2.0225212612624803,Blue
2020-12-20,23,75000,0.6277999756439145,Blue
2020-12-21,83,90000,-1.5990937567186359,Blue
2020-12-22,60,60000,2.506955258037893,Green
2020-12-23,180,60000,0.8717155612542484,Red
2020-12-24,34,90000,0.10864543802922455,Green
2020-12-25,22,60000,-2.2503169284017774,Blue
2020-12-26,118,60000,1.67603611245692,Green
2020-12-27,22,60000,0.9063819771978148,Red
2020-12-28,25,60000,-2.51007633718667,Red
2020-12-29,88,60000,-0.43710700085599674,Red
2020-12-30,18,60000,-2.582372498253466,Blue
2020-12-31,61,60000,1.3260547110900944,Red
2021-01-01,185,75000,0.7511161943217353,Blue
2021-01-02,126,90000,-0.059396041585315196,Red
2021-01-03,96,75000,0.40476251758981174,Green
2021-01-04,132,75000,0.575081966754726,Green
2021-01-05,179,75000,1.0838517264498204,Green
2021-01-06,29,90000,0.4068758940336994,Green
2021-01-07,188,90000,-2.265671386870396,Red
2021-01-08,129,90000,2.8225112512664188,Red
2021-01-09,49,60000,1.1692104391713931,Green
2021-01-10,167,60000,-0.8519733794768518,Red
2021-01-11,79,75000,2.111044162045938,Green
2021-01-12,45,75000,0.2919280319009605,Red
2021-01-13,42,75000,-0.3386047783653101,Blue
2021-01-14,7,90000,-2.654401123739296,Green
2021-01-15,42,90000,0.7763554934971255,Red
2021-01-16,25,75000,-0.5014690629732605,Green
2021-01-17,90,75000,-0.0644051861423467,Red
2021-01-18,124,75000,-0.23926134872423344,Blue
2021-01-19,113,75000,0.08136890630819948,Green
2021-01-20,163,90000,-1.6075991011726316,Green
2021-01-21,62,60000,-1.020731562676254,Red
2021-01-22,44,75000,0.08896823427118594,Red
2021-01-23,140,60000,-1.0588762422026965,Blue
2021-01-24,185,60000,2.7892915634002478,Green
2021-01-25,44,60000,2.6743031632042253,Green
2021-01-26,155,60000,0.8180047829339001,Green
2021-01-27,5,75000,-1.3586181500391006,Green
2021-01-28,124,75000,2.103506240856638,Red
2021-01-29,121,90000,-1.6051025061173607,Red
2021-01-30,114,90000,-2.9600766568639205,Red
2021-01-31,99,90000,-0.46526508868288907,Green
2021-02-01,3,60000,1.8077903848036438,Green
2021-02-02,43,60000,-2.068628701592352,Blue
2021-02-03,194,60000,-2.07057598510459,Red
2021-02-04,168,60000,-2.5307984975605384,Blue
2021-02-05,100,75000,-0.3703017817623122,Red
2021-02-06,15,75000,2.1362135539109257,Red
2021-02-07,19,90000,2.3127515676683545,Red
2021-02-08,65,75000,-0.5504890580237922,Blue
2021-02-09,95,75000,-0.3275890460073696,Green
2021-02-10,79,60000,0.7887057238703634,Blue
2021-02-11,197,90000,0.023834955969550542,Red
2021-02-12,6,75000,2.580893754094343,Green
2021-02-13,7,90000,2.9550809306954324,Red
2021-02-14,140,75000,-1.809042379702538,Red
2021-02-15,155,75000,-0.43002228232940887,Blue
2021-02-16,106,75000,-2.5573552829508994,Red
2021-02-17,157,75000,-1.5934073349188094,Green
2021-02-18,200,75000,-1.3130379111717452,Blue
2021-02-19,165,90000,1.027013752738684,Blue
2021-02-20,21,60000,0.8892529254014301,Red
2021-02-21,177,90000,0.44730989048764425,Red
2021-02-22,66,90000,2.4980689305569737,Red
2021-02-23,169,60000,1.386765392053829,Green
2021-02-24,173,75000,-1.0396660418378458,Blue
2021-02-25,69,75000,1.5038944642274341,Green
2021-02-26,69,90000,-2.034681354779238,Green
2021-02-27,181,60000,1.0025647861391604,Blue
2021-02-28,93,75000,-2.242091234491439,Green
2021-03-01,4,75000,2.5638688322994767,Blue
2021-03-02,2,75000,-1.2225278372024084,Red
2021-03-03,44,60000,1.5282708752914411,Red
2021-03-04,149,60000,1.3033618055124965,Blue
2021-03-05,128,60000,1.971882473488705,Red
2021-03-06,35,60000,-2.973261420123052,Blue
2021-03-07,6,90000,-1.0318001973131135,Red
2021-03-08,157,60000,0.680330922932356,Blue
2021-03-09,114,90000,2.935820231394535,Green
2021-03-10,140,90000,2.0807050584931277,Blue
2021-03-11,178,60000,-2.7864458820090574,Red
2021-03-12,49,60000,1.9814471612067157,Green
2021-03-13,107,60000,-2.769543491025246,Green
2021-03-14,65,60000,2.6328208122945878,Red
2021-03-15,153,75000,-0.12694026131018354,Blue
2021-03-16,51,90000,-0.8871437390842924,Red
2021-03-17,32,75000,-0.7399762760532997,Red
2021-03-18,15,90000,1.4628492116033982,Red
2021-03-19,128,90000,1.3646798426446791,Red
2021-03-20,67,90000,2.131383540227108,Green
2021-03-21,55,60000,0.6268148165059682,Blue
2021-03-22,180,75000,-1.6430441125005752,Green
2021-03-23,133,90000,-1.2465714873584148,Red
2021-03-24,194,75000,0.8402114196291182,Blue
2021-03-25,40,60000,0.05278072752955998,Green
2021-03-26,12,75000,-1.1176930253823434,Blue
2021-03-27,157,90000,1.4415034572626055,Green
2021-03-28,187,75000,2.2486074771814053,Red
2021-03-29,29,60000,1.3381913176507272,Red
2021-03-30,130,60000,0.9164626832580467,Red
2021-03-31,137,90000,-0.2863523043278673,Blue
2021-04-01,124,90000,-1.8735778433082109,Blue
2021-04-02,55,75000,0.6960777658241772,Red
2021-04-03,182,75000,2.141888289870197,Red
2021-04-04,179,75000,0.9891737903792874,Red
2021-04-05,167,90000,0.3551776745795827,Green
2021-04-06,168,75000,-2.1034426808635636,Red
2021-04-07,182,90000,0.7041067005130395,Blue
2021-04-08,36,90000,1.3274677505806878,Red
2021-04-09,148,75000,1.3380093306921959,Green
2021-04-10,46,90000,-2.5287999264353793,Blue
2021-04-11,96,90000,1.998334038569059,Red
2021-04-12,188,60000,2.207454395291423,Red
2021-04-13,180,75000,0.6561501972469976,Green
2021-04-14,141,60000,-0.7614952762529121,Red
2021-04-15,40,60000,-2.7863529731656103,Green
2021-04-16,168,75000,1.7308329220137555,Green
2021-04-17,67,60000,-1.3134846738554065,Green
2021-04-18,190,75000,-0.5507534315648783,Green
2021-04-19,142,90000,2.0149695779070944,Red
2021-04-20,128,60000,-1.9082502867310815,Blue
2021-04-21,149,90000,1.8792641763335869,Blue
2021-04-22,80,90000,-0.7489793766435269,Green
2021-04-23,8,60000,-1.0109761719180417,Red
2021-04-24,76,90000,1.0724423029061123,Green
2021-04-25,168,60000,2.219042233339639,Blue
2021-04-26,4,60000,-2.362474359411897,Green
2021-04-27,165,60000,2.163884355751838,Blue
2021-04-28,82,90000,0.6133174648616007,Green
2021-04-29,62,60000,0.050510753143841125,Blue
2021-04-30,86,90000,2.236561748477575,Red
2021-05-01,171,60000,0.693963214378432,Blue
2021-05-02,191,75000,-0.4221060765684439,Red
2021-05-03,165,75000,-0.10876442422686239,Green
2021-05-04,119,75000,0.1662232766238727,Green
2021-05-05,24,75000,2.7647832192608623,Blue
2021-05-06,198,90000,0.3738070399161346,Red
2021-05-07,61,90000,-1.419176700716896,Blue
2021-05-08,90,90000,-2.981166975333967,Red
2021-05-09,4,60000,1.399793589742587,Blue
2021-05-10,103,90000,0.700460676000672,Red
2021-05-11,166,75000,-2.8755470902456794,Green
2021-05-12,130,90000,-2.744631928424808,Red
2021-05-13,92,90000,1.3750682632350744,Blue
2021-05-14,178,90000,-1.9845585663485954,Blue
2021-05-15,136,75000,-1.0191317036125176,Green
2021-05-16,164,90000,-2.4153960525245557,Red
2021-05-17,162,60000,1.833769286452517,Red
2021-05-18,147,60000,-2.099401885115661,Red
2021-05-19,31,90000,-0.0291195415341301,Green
2021-05-20,10,60000,-2.9925562418294955,Blue
2021-05-21,5,75000,0.6466885957326252,Blue
2021-05-22,2,90000,2.2303661086396307,Green
2021-05-23,154,90000,-2.6076064650429105,Red
2021-05-24,76,75000,1.9051260085423767,Blue
2021-05-25,191,90000,-2.9167509636160034,Blue
2021-05-26,47,90000,-1.6342236932114513,Green
2021-05-27,92,90000,2.238931028915373,Green
2021-05-28,72,75000,-2.88777102924377,Green
2021-05-29,13,60000,-2.746472628539465,Green
2021-05-30,74,75000,-1.2289100319768291,Blue
2021-05-31,18,75000,-2.2597370457694503,Red
2021-06-01,78,90000,-0.6283916474970201,Red
2021-06-02,100,60000,0.5884767015901264,Red
2021-06-03,166,90000,-2.6907645964820643,Blue
2021-06-04,80,60000,0.37977571763053497,Red
2021-06-05,4,60000,0.337484980380399,Green
2021-06-06,27,60000,-1.1292469900188702,Blue
2021-06-07,191,75000,-1.606431619469812,Green
2021-06-08,24,60000,1.6551337163250208,Green
2021-06-09,115,90000,2.5492026005017747,Blue
2021-06-10,99,60000,-0.2581274100520261,Red
2021-06-11,146,60000,-0.34064451098817194,Red
2021-06-12,13,60000,-2.266139352193459,Red
2021-06-13,35,75000,2.9493092851687077,Red
2021-06-14,158,90000,2.4766980718379994,Green
2021-06-15,3,60000,-0.07639393331966637,Blue
2021-06-16,117,75000,-1.7044063389006165,Green
2021-06-17,131,90000,-0.5374782304851538,Red
2021-06-18,95,90000,-0.8163728027410757,Red
2021-06-19,191,90000,-1.7369413855884321,Green
2021-06-20,83,75000,0.2605800187441587,Red
2021-06-21,12,60000,-1.9882886413134269,Blue
2021-06-22,57,90000,-2.0104416605476154,Blue
2021-06-23,68,60000,-2.485291408771746,Blue
2021-06-24,118,90000,0.0499982591321384,Green
2021-06-25,22,90000,-2.1090945580539344,Green
2021-06-26,10,75000,0.5166136752992374,Green
2021-06-27,178,75000,2.2338638379743836,Red
2021-06-28,178,75000,1.8575820987675025,Green
2021-06-29,67,60000,-2.128989867497612,Red
2021-06-30,138,90000,-2.0768438847196284,Green
2021-07-01,87,60000,0.36993152790545825,Red
2021-07-02,81,75000,2.9844001779625735,Blue
2021-07-03,19,60000,-2.7478813345247133,Red
2021-07-04,83,60000,-2.4982641180596055,Green
2021-07-05,140,90000,-2.2302774139366583,Green
2021-07-06,179,90000,0.17303927390589724,Red
2021-07-07,138,90000,0.579541922330888,Green
2021-07-08,45,90000,1.4777153973397752,Red
2021-07-09,160,90000,-2.628792267067817,Red
2021-07-10,70,75000,1.2355161217750341,Green
2021-07-11,189,60000,2.7569076363092755,Green
2021-07-12,190,90000,0.3543120414532348,Green
2021-07-13,81,90000,-0.5298049001033931,Green
2021-07-14,82,75000,2.714593025381533,Red
2021-07-15,32,90000,2.6355061085288627,Red
2021-07-16,89,75000,2.597030802014766,Green
2021-07-17,74,90000,-0.5357770530980801,Red
2021-07-18,150,60000,0.08815989969897586,Blue
2021-07-19,56,60000,2.1169076523783534,Green
2021-07-20,66,90000,-1.0585192663265521,Red
2021-07-21,90,90000,-0.22952221913811854,Blue
2021-07-22,165,60000,-2.994724405549995,Red
2021-07-23,145,90000,0.93316787098352,Blue
2021-07-24,84,90000,-1.7122065313237225,Blue
2021-07-25,184,90000,2.5365402964363764,Green
2021-07-26,75,60000,2.6915696174924406,Blue
2021-07-27,11,60000,-0.30953854243167944,Green
2021-07-28,102,60000,-2.758219431218146,Green
2021-07-29,126,75000,2.567501949279224,Red
2021-07-30,181,75000,1.4140019281954803,Red
2021-07-31,154,75000,0.21338967310541967,Blue
2021-08-01,152,75000,2.0422578603774317,Blue
2021-08-02,39,75000,-2.8751147763609386,Red
2021-08-03,171,75000,2.067904745054822,Green
2021-08-04,102,60000,-1.9761586643827724,Green
2021-08-05,101,75000,1.2840075709645813,Red
2021-08-06,26,60000,-0.165693853497884,Green
2021-08-07,187,90000,2.4929263616282054,Blue
2021-08-08,105,75000,-1.34519234578652,Green
2021-08-09,129,60000,-2.3462942918386833,Red
2021-08-10,18,60000,1.8910179533929634,Green
2021-08-11,2,60000,-0.3972091915615419,Red
2021-08-12,53,60000,1.2584682842293073,Blue
2021-08-13,14,90000,-1.874991972811706,Red
2021-08-14,134,60000,-0.5762825681813322,Green
2021-08-15,190,90000,-0.7507332934292981,Red
2021-08-16,152,75000,-2.7601105127542924,Blue
2021-08-17,94,60000,0.48151860827380233,Blue
2021-08-18,100,90000,-0.0745923022243602,Red
2021-08-19,175,90000,2.376866433417481,Blue
2021-08-20,189,60000,2.591670370912313,Green
2021-08-21,57,90000,-0.27210097841198255,Green
2021-08-22,110,75000,-2.5291896555160465,Green
2021-08-23,146,75000,-1.70237025884194,Red
2021-08-24,33,90000,-0.6228964804650916,Green
2021-08-25,46,75000,-2.3079110239491687,Green
2021-08-26,148,75000,-1.7908578352081752,Blue
2021-08-27,117,75000,2.435822884238334,Blue
2021-08-28,150,60000,-0.9813462073335226,Red
2021-08-29,187,60000,2.2704747186114993,Blue
2021-08-30,118,60000,-1.4338195345798777,Green
2021-08-31,65,60000,-0.7986669537189051,Blue
2021-09-01,21,75000,1.1013543973443802,Blue
2021-09-02,48,75000,1.6401691117785182,Blue
2021-09-03,25,60000,2.392466678606368,Red
2021-09-04,52,90000,-2.7929272711478235,Red
2021-09-05,46,90000,1.772510549532739,Red
2021-09-06,156,75000,1.117438699505307,Green
2021-09-07,154,60000,2.8936167215894386,Blue
2021-09-08,116,75000,-2.7907807830009466,Green
2021-09-09,6,90000,2.3496828732064294,Green
2021-09-10,102,75000,-0.25672317790459687,Blue
2021-09-11,109,60000,2.6906435390206855,Red
2021-09-12,77,60000,-1.8192445379862592,Green
2021-09-13,50,75000,0.2914804966466953,Green
2021-09-14,66,90000,2.1500980447291553,Green
2021-09-15,99,60000,1.1221390831225815,Blue
2021-09-16,172,75000,-2.203264845605471,Red
2021-09-17,57,75000,1.5406265457232653,Red
2021-09-18,200,75000,-2.5786173898609257,Green
2021-09-19,130,90000,-0.35000969770402923,Blue
2021-09-20,70,75000,2.9013979697342123,Green
2021-09-21,93,90000,1.2575457373192105,Blue
2021-09-22,81,75000,-1.499244521247512,Green
2021-09-23,20,75000,-2.4752139985811175,Blue
2021-09-24,187,60000,-1.3591787579457153,Red
2021-09-25,136,75000,-0.016621395286709806,Red
2021-09-26,11,90000,-2.536449920893734,Red
2021-09-27,166,75000,-2.0587490862239153,Red
2021-09-28,77,90000,-1.6354298972534727,Green
2021-09-29,155,90000,0.817483709347651,Red
2021-09-30,186,90000,-2.8562929731567195,Red
2021-10-01,100,90000,-0.8859023198371458,Red
2021-10-02,27,60000,2.177553841295322,Blue
2021-10-03,121,60000,1.7988013690637867,Blue
2021-10-04,20,60000,-1.205740617366969,Red
2021-10-05,77,60000,1.5741689559468295,Red
2021-10-06,137,75000,-2.5161820743636594,Green
2021-10-07,143,90000,-2.666557948060417,Blue
2021-10-08,53,75000,-2.9128475420118582,Blue
2021-10-09,88,90000,-2.6232280431904718,Blue
2021-10-10,106,75000,2.472269405114975,Green
2021-10-11,140,75000,2.755085640846298,Blue
2021-10-12,63,60000,-2.3581629124052195,Red
2021-10-13,127,90000,1.3296010092465247,Blue
2021-10-14,183,90000,0.7526694571382277,Red
2021-10-15,9,60000,-0.8060059279820391,Green
2021-10-16,79,90000,-2.9703524536140593,Red
2021-10-17,195,60000,0.10678759843141217,Blue
2021-10-18,29,60000,-2.7660450015615785,Green
2021-10-19,163,60000,1.712615849998567,Red
2021-10-20,18,90000,-2.8608886874174773,Blue
2021-10-21,12,75000,-1.8403068755070242,Red
2021-10-22,164,75000,-1.5367379282665647,Green
2021-10-23,160,90000,-0.3757354102591366,Green
2021-10-24,66,60000,-1.8268968465497544,Red
2021-10-25,17,60000,2.154523641993298,Red
2021-10-26,162,75000,-0.46227670785000763,Green
2021-10-27,176,90000,0.07787319106446233,Green
2021-10-28,70,60000,1.334391519774777,Green
2021-10-29,180,60000,-1.1720134061548497,Red
2021-10-30,42,60000,1.9005388853456164,Blue
2021-10-31,137,90000,-0.5582058172569906,Blue
2021-11-01,177,90000,2.3268230859626113,Red
2021-11-02,42,90000,1.8742588431757703,Green
2021-11-03,58,60000,0.06183790231490649,Red
2021-11-04,118,75000,-2.7716722259308435,Red
2021-11-05,82,90000,-1.5854257960193392,Green
2021-11-06,96,90000,2.6116202519534566,Blue
2021-11-07,92,75000,-1.0130424297772687,Blue
2021-11-08,153,90000,-0.5466021244749468,Green
2021-11-09,168,60000,-1.332552877265965,Blue
2021-11-10,52,60000,0.947201440759553,Red
2021-11-11,55,75000,-1.3237234084506473,Blue
2021-11-12,140,75000,-1.0953408272972802,Green
2021-11-13,11,90000,1.899593916647473,Red
2021-11-14,172,60000,2.5052993356778606,Green
2021-11-15,101,75000,-2.9891595477613517,Blue
2021-11-16,131,60000,0.48714336192903973,Blue
2021-11-17,112,90000,0.8927542295863984,Green
2021-11-18,82,75000,-2.722778012252079,Blue
2021-11-19,86,60000,2.0027318381740766,Blue
2021-11-20,147,75000,2.4798367595729056,Green
2021-11-21,83,60000,-1.623112682757799,Red
2021-11-22,164,90000,-0.20559462951769625,Blue
2021-11-23,48,75000,2.778169712989664,Red
2021-11-24,9,60000,0.2743171325238061,Blue
2021-11-25,7,60000,1.5032813804164231,Blue
2021-11-26,148,90000,-2.0457570413961124,Red
2021-11-27,119,90000,-0.4184152081546406,Blue
2021-11-28,191,75000,2.817316382160362,Blue
2021-11-29,81,60000,1.9756651841866173,Red
2021-11-30,34,75000,-0.7051034895889168,Blue
2021-12-01,81,90000,0.47139449265386224,Green
2021-12-02,153,90000,2.409018727831209,Blue
2021-12-03,44,60000,0.1203358479597112,Green
2021-12-04,138,90000,-0.40430464302396674,Red
2021-12-05,13,90000,-2.5791975890769354,Blue
2021-12-06,110,75000,1.1017718398290288,Green
2021-12-07,12,75000,1.2542016516757943,Blue
2021-12-08,4,60000,1.7769892293741458,Green
2021-12-09,51,90000,0.9668216143952137,Red
2021-12-10,40,90000,-0.7760156465168739,Blue
2021-12-11,150,75000,-0.7450199687637893,Blue
2021-12-12,192,60000,2.3313772472527123,Blue
2021-12-13,156,75000,-1.2008937007095217,Green
2021-12-14,130,60000,-2.460257192408125,Blue
2021-12-15,34,60000,-1.829788312325101,Green
2021-12-16,180,60000,2.7784089566732337,Green
2021-12-17,51,75000,1.1224904970672327,Red
2021-12-18,48,90000,0.8938367781057988,Blue
2021-12-19,180,60000,1.966863203946021,Green
2021-12-20,155,90000,-1.9414834189088805,Green
2021-12-21,130,75000,-2.1644263774769783,Green
2021-12-22,103,60000,-2.3168470851222986,Blue
2021-12-23,92,60000,-0.7984641477106429,Red
2021-12-24,70,90000,2.5094248015277874,Blue
2021-12-25,137,75000,1.684078313508933,Green
2021-12-26,63,75000,-2.5094474394264434,Green
2021-12-27,182,60000,0.34000585508150216,Red
2021-12-28,62,90000,1.6388349897644217,Blue
2021-12-29,3,60000,1.5087437699917121,Blue
2021-12-30,76,90000,0.40316025509569986,Red
2021-12-31,94,75000,-2.70441272214875,Red
2022-01-01,190,60000,-2.969992389080774,Red
2022-01-02,111,60000,0.10543865753637505,Blue
2022-01-03,176,90000,-2.1467022936008977,Red
2022-01-04,165,90000,-0.4198138190055314,Red
2022-01-05,79,75000,-0.3009021682779718,Red
2022-01-06,54,60000,2.8996356455843486,Red
2022-01-07,150,60000,2.8318642396047693,Blue
2022-01-08,171,60000,1.7528656161787177,Blue
2022-01-09,69,75000,0.8232365637609984,Green
2022-01-10,90,75000,0.030148762396038364,Green
2022-01-11,78,90000,1.4991660346073097,Red
2022-01-12,163,75000,-1.0440020603428093,Green
2022-01-13,68,75000,0.3362367809342146,Green
2022-01-14,173,90000,2.543751807939625,Blue
2022-01-15,139,90000,-0.8601713556414228,Blue
2022-01-16,81,90000,0.8077524366853428,Green
2022-01-17,137,60000,-0.12426059154319091,Blue
2022-01-18,2,75000,-0.7731576291485966,Green
2022-01-19,91,75000,2.3877539225174402,Blue
2022-01-20,102,75000,-1.9305625867137428,Green
2022-01-21,51,90000,-2.5900564956931156,Blue
2022-01-22,106,60000,0.4043504939037037,Green
2022-01-23,89,75000,0.2309706733620196,Blue
2022-01-24,168,60000,1.758071512575187,Blue
2022-01-25,10,75000,0.5485767421610928,Blue
2022-01-26,95,75000,1.1854690567456236,Blue
2022-01-27,149,90000,-0.9445778191601684,Red
2022-01-28,169,90000,-1.4394072430202816,Green
2022-01-29,135,75000,1.2701383498781755,Green
2022-01-30,119,75000,1.1930253875832912,Green
2022-01-31,56,60000,-1.355793882593635,Blue
2022-02-01,62,75000,-1.659189046764607,Blue
2022-02-02,124,90000,0.30609041960374794,Blue
2022-02-03,132,75000,2.78577417380421,Red
2022-02-04,75,60000,-1.2134124207511445,Blue
2022-02-05,53,75000,-2.240791288012095,Blue
2022-02-06,186,75000,-1.742389096352022,Green
2022-02-07,96,60000,-1.1044659135959856,Green
2022-02-08,101,90000,2.1070170750888,Green
2022-02-09,141,75000,0.7763101090085645,Blue
2022-02-10,152,75000,2.6925995662422118,Red
2022-02-11,74,90000,2.1694211292022025,Red
2022-02-12,18,90000,-1.0436670898420042,Red
2022-02-13,8,90000,-2.0385378482894314,Green
2022-02-14,177,60000,0.5793418054018624,Blue
2022-02-15,77,60000,0.45040369046080997,Blue
2022-02-16,125,90000,2.9910779047552705,Blue
2022-02-17,181,75000,-0.761967067459052,Red
2022-02-18,44,60000,0.9795138846417251,Green
2022-02-19,200,60000,-1.146103793767382,Red
2022-02-20,104,75000,0.4898697846188136,Blue
2022-02-21,49,90000,0.5795519080604028,Green
2022-02-22,17,90000,1.177928937695481,Red
2022-02-23,11,60000,0.46144628090395834,Green
2022-02-24,144,90000,-0.9913552422555503,Blue
2022-02-25,81,90000,0.8946351517908306,Blue
2022-02-26,9,60000,-0.4107633932395034,Green
2022-02-27,136,75000,0.8057280024663216,Green
2022-02-28,171,60000,-2.237349467999577,Blue
2022-03-01,190,90000,0.08802963810283959,Red
2022-03-02,68,75000,1.584017225979517,Blue
2022-03-03,125,75000,-2.599089448239565,Red
2022-03-04,20,90000,-2.836017142371319,Green
2022-03-05,51,75000,1.436402923101065,Red
2022-03-06,38,75000,-0.23229328373846592,Green
2022-03-07,90,60000,2.782530970717442,Blue
2022-03-08,42,90000,-2.0845872784761292,Red
2022-03-09,172,90000,-2.856534193052128,Red
2022-03-10,27,90000,0.5878967302600158,Red
2022-03-11,35,90000,-1.6738734609720003,Green
2022-03-12,25,90000,-2.734292163227244,Green
2022-03-13,189,75000,2.542551462392926,Green
2022-03-14,72,90000,-1.6314965623830777,Green
2022-03-15,84,90000,2.2263337277056694,Green
2022-03-16,49,90000,-1.8343764379467513,Green
2022-03-17,132,75000,-0.035992849475412036,Blue
2022-03-18,47,60000,0.2569538419379489,Blue
2022-03-19,133,90000,1.5572510300755358,Green
2022-03-20,190,75000,0.5266160662460662,Blue
2022-03-21,178,75000,-2.825107948884032,Blue
2022-03-22,136,75000,-1.070106360817915,Blue
2022-03-23,185,75000,-1.8501083628581867,Red
2022-03-24,200,60000,2.628104001473285,Green
2022-03-25,149,90000,-0.8753252743728188,Red
2022-03-26,84,60000,-2.0113896009467664,Blue
2022-03-27,20,75000,2.4256674854898126,Blue
2022-03-28,118,60000,-0.9698708886650338,Blue
2022-03-29,130,90000,-2.778726473296839,Green
2022-03-30,136,75000,2.1802259481067034,Green
2022-03-31,130,90000,1.3879945955220734,Green
2022-04-01,38,60000,-2.7693627356791164,Blue
2022-04-02,157,90000,-1.0512707482175598,Blue
2022-04-03,76,75000,-0.7522976530787515,Green
2022-04-04,9,90000,-2.980916536294017,Green
2022-04-05,157,90000,1.9717944074647962,Green
2022-04-06,59,60000,-0.8260039304513143,Red
2022-04-07,24,75000,-2.385246895521443,Blue
2022-04-08,99,60000,1.8591517342984103,Red
2022-04-09,182,60000,0.16708482025522198,Blue
2022-04-10,97,60000,-2.1449972675916706,Red
2022-04-11,82,75000,-2.8919947563913992,Red
2022-04-12,107,60000,2.3765050904318734,Green
2022-04-13,20,75000,2.5647014266249,Blue
2022-04-14,39,60000,-0.6557707053428352,Green
2022-04-15,82,75000,2.9764182959995438,Blue
2022-04-16,144,75000,-0.9690028794216623,Green
2022-04-17,41,90000,1.485946516072202,Blue
2022-04-18,70,75000,1.8894744508234478,Blue
2022-04-19,30,75000,-2.8457140394497182,Blue
2022-04-20,134,60000,0.9039164224951901,Red
2022-04-21,68,75000,0.9135074725880905,Blue
2022-04-22,89,90000,1.325883343335863,Red
2022-04-23,90,60000,1.0516837103720782,Green
2022-04-24,119,75000,1.8205699023780157,Blue
2022-04-25,72,75000,0.3001167016882613,Green
2022-04-26,179,90000,-0.5364761412310171,Blue
2022-04-27,6,75000,-0.8951119271871395,Blue
2022-04-28,7,75000,0.7346933152371964,Red
2022-04-29,40,60000,2.9390687022686457,Blue
2022-04-30,4,90000,-2.5563327725544296,Red
2022-05-01,22,75000,0.3089584945520274,Red
2022-05-02,140,75000,2.897042290757703,Red
2022-05-03,41,90000,1.8318017476508803,Green
2022-05-04,61,90000,1.7752019136659722,Red
2022-05-05,45,75000,2.3134115679850593,Green
2022-05-06,97,75000,1.445462509911982,Blue
2022-05-07,24,60000,0.7519074771138539,Blue
2022-05-08,58,60000,0.8334230714069184,Blue
2022-05-09,128,60000,-2.5298694758110547,Blue
2022-05-10,34,75000,-1.537372371995593,Green
2022-05-11,174,60000,-0.4647378896915191,Red
2022-05-12,2,90000,2.8691438983817745,Green
2022-05-13,71,60000,-2.663770109503716,Green
2022-05-14,160,90000,1.2220842629344588,Green
2022-05-15,194,75000,-1.5554257126537654,Blue
2022-05-16,80,60000,1.4061938241596756,Red
2022-05-17,33,75000,2.5535442931060954,Red
2022-05-18,23,90000,0.8860395809080481,Blue
2022-05-19,34,75000,-2.9112935009918157,Blue
2022-05-20,13,75000,2.0075100763550022,Blue
2022-05-21,138,75000,2.3876140545567157,Blue
2022-05-22,59,75000,1.9881798392884935,Blue
2022-05-23,97,60000,2.4077323035549583,Green
2022-05-24,48,60000,1.9121938570363834,Green
2022-05-25,80,90000,-2.4846265588666903,Blue
2022-05-26,32,90000,0.024097295378139538,Red
2022-05-27,45,60000,0.5127325341196229,Green
2022-05-28,107,75000,2.1906226911542577,Green
2022-05-29,13,75000,1.1565024148589442,Red
2022-05-30,69,75000,-0.41458778345603076,Red
2022-05-31,94,75000,-0.143839858648243,Red
2022-06-01,106,60000,1.2936226024584494,Green
2022-06-02,52,90000,0.029208916709926314,Red
2022-06-03,139,75000,2.5589063578276656,Blue
2022-06-04,164,60000,2.098969440529946,Blue
2022-06-05,5,60000,-2.6644704779564083,Red
2022-06-06,123,90000,-0.4036253058376067,Red
2022-06-07,19,75000,-1.9404680138709947,Green
2022-06-08,48,75000,-2.770315592669218,Green
2022-06-09,166,90000,2.0103499424706905,Green
2022-06-10,98,75000,-1.9863782530456897,Blue
2022-06-11,181,90000,-2.209534209809529,Red
2022-06-12,79,75000,2.6703397817465975,Red
2022-06-13,64,60000,0.7287431145449172,Red
2022-06-14,62,90000,-1.6882440303009831,Green
2022-06-15,67,90000,2.8055704208770047,Green
2022-06-16,87,60000,1.4671954364425117,Blue
2022-06-17,99,90000,2.437185512055674,Blue
2022-06-18,23,90000,2.02574370683951,Red
2022-06-19,87,90000,-0.8457702869754287,Red
2022-06-20,170,60000,0.2769982871144028,Blue
2022-06-21,172,60000,-2.944033217596828,Green
2022-06-22,167,90000,-0.8719352409781109,Red
2022-06-23,126,90000,0.2682008666658282,Blue
2022-06-24,76,60000,0.11193475667162822,Red
2022-06-25,197,60000,-0.8319889938706346,Red
2022-06-26,95,60000,-0.6378330027267456,Green
2022-06-27,34,90000,2.462186720333399,Red
2022-06-28,79,75000,2.2740092778147423,Green
2022-06-29,13,75000,-2.0330954309581335,Blue
2022-06-30,11,90000,-0.7809336929041137,Blue
2022-07-01,69,60000,0.5221796759445887,Red
2022-07-02,199,90000,2.562382864796561,Red
2022-07-03,43,75000,-1.2434233790878046,Green
2022-07-04,106,75000,-1.8841313791886884,Green
2022-07-05,13,75000,0.09390411465994752,Blue
2022-07-06,109,75000,2.542306650579248,Blue
2022-07-07,53,60000,-1.488848369887376,Green
2022-07-08,119,75000,-2.778243593127783,Red
2022-07-09,26,90000,1.9572818239940295,Red
2022-07-10,4,75000,-2.4857492762214672,Green
2022-07-11,179,90000,1.6759640386140173,Green
2022-07-12,184,60000,2.9903137762384224,Blue
2022-07-13,3,90000,-1.6419524051700904,Green
2022-07-14,169,75000,2.946650139787099,Green
2022-07-15,189,60000,-1.3781618216587224,Red
2022-07-16,51,90000,0.6437422251438245,Blue
2022-07-17,148,90000,-0.18944537344796064,Green
2022-07-18,104,90000,-1.1477513270275983,Red
2022-07-19,175,60000,-1.3204044793630076,Blue
2022-07-20,68,75000,-1.2279004126070272,Red
2022-07-21,122,60000,-1.6120366314386947,Red
2022-07-22,199,90000,2.072352822536404,Green
2022-07-23,88,90000,-0.5136457027137316,Blue
2022-07-24,6,90000,-0.35568363164854766,Green
2022-07-25,97,90000,-0.5595261156364058,Red
2022-07-26,55,90000,0.9967141023893991,Red
2022-07-27,198,90000,-2.799202926565707,Blue
2022-07-28,46,90000,-1.8821947255257379,Blue
2022-07-29,62,75000,-1.225008158557661,Blue
2022-07-30,38,60000,1.3498333455382712,Red
2022-07-31,183,75000,-0.47126948097166155,Green
2022-08-01,33,75000,2.8535235630943623,Red
2022-08-02,7,60000,0.7392287366323882,Blue
2022-08-03,34,90000,-2.9900513486806064,Red
2022-08-04,186,60000,2.01734429271053,Green
2022-08-05,52,90000,-0.4493088486885153,Blue
2022-08-06,110,60000,1.9867264153043989,Red
2022-08-07,137,60000,-2.0546840243721647,Red
2022-08-08,162,60000,-2.8015813221091044,Red
2022-08-09,173,60000,-2.6554017756960215,Green
2022-08-10,12,75000,0.12727402019745337,Blue
2022-08-11,108,75000,0.20769155891390056,Red
2022-08-12,146,90000,0.031785361227814946,Green
2022-08-13,193,75000,2.305008522155857,Blue
2022-08-14,16,75000,1.1535776893301115,Blue
2022-08-15,138,75000,-2.6095343287109976,Blue
2022-08-16,121,75000,1.6253642048270303,Green
2022-08-17,125,90000,1.5844247566048475,Green
2022-08-18,95,75000,0.8181576978021758,Blue
2022-08-19,4,60000,-2.0439280023424278,Red
2022-08-20,193,90000,-2.0864641633704495,Green
2022-08-21,156,75000,0.027003510094246952,Red
2022-08-22,178,60000,-1.9796460881692675,Blue
2022-08-23,183,60000,0.4365176441585268,Blue
2022-08-24,194,90000,-2.1414872775892375,Red
2022-08-25,17,90000,1.3194043524038115,Red
2022-08-26,47,90000,2.082341095209137,Red
2022-08-27,131,90000,0.374662691980014,Red
2022-08-28,188,90000,2.85552388924782,Blue
2022-08-29,163,60000,-1.7038610047450484,Blue
2022-08-30,94,60000,-0.34604373755415363,Blue
2022-08-31,99,75000,0.824350580839293,Green
2022-09-01,59,90000,1.7717304457782497,Blue
2022-09-02,41,90000,0.15153902461491953,Green
2022-09-03,15,90000,0.24171852666968263,Blue
2022-09-04,30,90000,-2.3113301885311195,Blue
2022-09-05,167,90000,0.14943474373748877,Red
2022-09-06,40,75000,-2.1310479067491195,Green
2022-09-07,58,75000,0.6621830769099128,Green
2022-09-08,28,75000,2.7762816194967996,Green
2022-09-09,121,90000,0.7253793027099515,Blue
2022-09-10,116,60000,-1.7901404396402152,Blue
2022-09-11,24,90000,2.7611173521066474,Red
2022-09-12,133,60000,0.20347328793721875,Blue
2022-09-13,39,75000,2.2969594858622555,Green
2022-09-14,196,60000,1.0568074995152923,Blue
2022-09-15,95,90000,2.4159074295708303,Green
2022-09-16,40,75000,0.7094431233429539,Red
2022-09-17,87,75000,-0.7400691595947442,Red
2022-09-18,67,75000,0.8894445138614455,Red
2022-09-19,117,90000,-2.161145569236043,Blue
2022-09-20,153,75000,-1.117586308534209,Blue
2022-09-21,177,60000,0.5051913669874382,Blue
2022-09-22,75,60000,-0.9801937390096569,Green
2022-09-23,108,60000,0.6116341753806962,Green
2022-09-24,179,60000,-1.2582096838604555,Green
2022-09-25,52,90000,0.7686641491160495,Red
2022-09-26,132,90000,1.8584136399227926,Green
2022-09-27,21,75000,-0.6606069724393802,Red
2022-09-28,59,75000,0.47524568711461157,Red
2022-09-29,22,60000,0.6376727604372023,Red
2022-09-30,13,60000,-1.3554601213977489,Green
2022-10-01,159,90000,2.3958354321366766,Green
2022-10-02,137,90000,-0.9733771411064982,Green
2022-10-03,85,75000,2.292054213692783,Blue
2022-10-04,193,90000,2.9546269368287295,Blue
2022-10-05,20,90000,0.1221348219427858,Blue
2022-10-06,87,90000,-2.253408491680537,Green
2022-10-07,146,75000,2.2977296190337384,Blue
2022-10-08,21,90000,-0.6188654462076117,Blue
2022-10-09,110,90000,-1.310264914849526,Red
2022-10-10,45,75000,-1.580884715330545,Red
2022-10-11,26,90000,1.075607327633974,Green
2022-10-12,70,90000,1.9987274803299941,Green
2022-10-13,2,90000,-2.542867562668923,Green
2022-10-14,165,60000,-1.9944784543084526,Red
2022-10-15,67,60000,-2.674724881474221,Green
2022-10-16,40,75000,1.3074369318132941,Green
2022-10-17,159,75000,-0.3769131122857803,Green
2022-10-18,168,75000,1.9494555798449387,Red
2022-10-19,60,60000,2.2348621975149072,Green
2022-10-20,97,90000,-1.1802573835977987,Green
2022-10-21,127,90000,-1.1794801354825024,Green
2022-10-22,142,60000,-2.84563678806498,Green
2022-10-23,179,90000,2.0812341659308915,Red
2022-10-24,149,90000,-2.831125041534534,Green
2022-10-25,1,75000,-0.1664629829256512,Blue
2022-10-26,127,75000,2.5120117124007386,Blue
2022-10-27,178,90000,1.1709156140209727,Green
2022-10-28,24,60000,1.5518435191319035,Red
2022-10-29,15,60000,0.6375768626066014,Green
2022-10-30,114,75000,-0.30307956174249684,Red
2022-10-31,144,60000,0.16358970346187807,Blue
2022-11-01,194,60000,-0.9132317402475971,Red
2022-11-02,184,90000,-0.09132379605842766,Blue
2022-11-03,77,60000,0.3085506959342412,Blue
2022-11-04,131,75000,-1.2951526605005454,Red
2022-11-05,118,75000,0.8228810208756392,Red
2022-11-06,136,90000,-0.10677483685579148,Red
2022-11-07,2,75000,-0.12946463768525884,Green
2022-11-08,100,60000,-0.15570335508653743,Blue
2022-11-09,31,60000,-1.6312449776485511,Red
2022-11-10,36,60000,-0.4919730166313325,Red
2022-11-11,54,75000,0.8788801914769735,Green
2022-11-12,187,60000,2.053940557845051,Green
2022-11-13,200,90000,2.012055797632433,Green
2022-11-14,16,90000,-0.5742499138103074,Blue
2022-11-15,99,90000,2.3358591608206307,Green
2022-11-16,182,75000,-0.4509574783921133,Blue
2022-11-17,134,75000,-2.358976891207675,Blue
2022-11-18,191,75000,2.8966166651268184,Blue
2022-11-19,182,75000,1.5815732432468153,Green
2022-11-20,78,75000,-2.6070761452887363,Blue
2022-11-21,42,60000,-0.9597227827343819,Red
2022-11-22,170,75000,0.3433674914975633,Red
2022-11-23,59,75000,-1.849310164736155,Red
2022-11-24,103,75000,1.6538965198175575,Blue
2022-11-25,169,60000,0.8006054796061766,Green
2022-11-26,71,90000,1.613149863580821,Green
2022-11-27,32,60000,-1.542618305312651,Red
2022-11-28,112,90000,0.38376436038145867,Blue
2022-11-29,17,60000,-0.32460059603592306,Red
2022-11-30,10,90000,-0.36328050504717924,Blue
2022-12-01,198,90000,0.9082805474542459,Green
2022-12-02,25,75000,-2.3209264938998335,Red
2022-12-03,20,75000,-1.3196173605812151,Blue
2022-12-04,143,60000,0.3556990431057443,Green
2022-12-05,113,75000,-0.15692452267983814,Blue
2022-12-06,185,90000,-0.9177878930877688,Blue
2022-12-07,130,90000,0.6648460129378,Red
2022-12-08,176,75000,0.8484139321360571,Green
2022-12-09,160,75000,-2.8176928062994184,Red
2022-12-10,26,60000,0.9954591401657416,Red
2022-12-11,92,60000,0.6294426922438494,Green
2022-12-12,25,90000,-0.8563476411188855,Blue
2022-12-13,116,90000,2.617576650464157,Red
2022-12-14,164,75000,-1.9668861050763968,Blue
2022-12-15,195,90000,1.1275463279787328,Green
2022-12-16,172,90000,2.421951375712098,Blue
2022-12-17,75,60000,-1.5949985178140489,Green
2022-12-18,135,60000,-1.556193791552427,Blue
2022-12-19,75,90000,-1.14505889156478,Blue
2022-12-20,12,90000,1.2607156225800447,Red
2022-12-21,44,75000,0.9264915446239019,Red
2022-12-22,80,75000,-1.3539684208162048,Blue
2022-12-23,63,60000,2.533175610079166,Blue
2022-12-24,6,60000,0.1687776308327571,Green
2022-12-25,7,60000,0.1367473487146631,Blue
2022-12-26,1,60000,1.3179215898099237,Blue
2022-12-27,18,75000,0.08812073869487369,Blue
2022-12-28,188,90000,2.6356560924938144,Green
2022-12-29,133,90000,0.9985892824876128,Green
2022-12-30,139,90000,-0.7022856848084356,Red
2022-12-31,130,60000,-1.457831947333007,Green
2023-01-01,169,60000,1.7348877100307263,Blue
2023-01-02,49,90000,-0.3752456934383348,Green
2023-01-03,183,60000,-0.01303674342288108,Blue
2023-01-04,18,75000,0.29697633136434565,Green
2023-01-05,80,75000,-2.835505959752277,Blue
2023-01-06,172,75000,0.28477597356015893,Blue
2023-01-07,10,90000,2.0912977594328996,Green
2023-01-08,153,60000,-0.5282380866007692,Red
2023-01-09,90,75000,2.585586386757445,Red
2023-01-10,141,60000,0.03558544112055406,Green
2023-01-11,147,60000,-2.0836509080474213,Green
2023-01-12,181,75000,1.711084241802861,Red
2023-01-13,160,60000,-1.3588297675204175,Blue
2023-01-14,83,75000,-2.88126780579437,Blue
2023-01-15,126,75000,-0.3103970925189534,Blue
2023-01-16,8,60000,1.6770702983958907,Red
2023-01-17,76,75000,-2.6017803707819347,Green
2023-01-18,155,90000,1.058686285712703,Blue
2023-01-19,39,75000,1.374668883745695,Red
2023-01-20,81,60000,-1.8507763635145351,Blue
2023-01-21,70,60000,-2.038661897645438,Green
2023-01-22,159,75000,0.5300857845706259,Blue
2023-01-23,198,60000,1.0985120562552666,Red
2023-01-24,91,60000,-2.257515898759285,Green
2023-01-25,116,90000,-0.2573303827947466,Blue
2023-01-26,89,75000,-1.7735421667980131,Red
2023-01-27,193,90000,0.09488964830254165,Green
2023-01-28,123,75000,-1.2881792745235723,Green
2023-01-29,77,60000,1.6890924112412673,Green
2023-01-30,99,75000,-1.2975956979666468,Green
2023-01-31,125,60000,2.768391283344105,Green
2023-02-01,40,60000,2.4697170932428065,Blue
2023-02-02,19,60000,2.2648558681561894,Blue
2023-02-03,91,75000,-0.40792425461870074,Blue
2023-02-04,6,60000,-2.9414709568135247,Green
2023-02-05,46,90000,1.7394189054415676,Red
2023-02-06,181,90000,-0.8994361146288483,Blue
2023-02-07,164,90000,-2.502964091850734,Red
2023-02-08,141,75000,-0.37945708925898636,Blue
2023-02-09,99,90000,-2.897978370674706,Green
2023-02-10,70,60000,-0.247840359541303,Blue
2023-02-11,188,75000,0.017375582910214682,Green
2023-02-12,122,75000,1.9474076681681645,Blue
2023-02-13,65,75000,-0.6489617382388504,Red
2023-02-14,179,75000,-2.1131069432393845,Green
2023-02-15,3,75000,0.124031833248758,Green
2023-02-16,113,90000,-2.1972272665042603,Green
2023-02-17,60,60000,-0.6519234669649849,Green
2023-02-18,48,60000,-0.13481274365288476,Red
2023-02-19,175,60000,-1.1771683851130372,Red
2023-02-20,85,60000,1.5807786187780373,Green
2023-02-21,113,75000,2.9177990201879105,Blue
2023-02-22,163,75000,2.4751165085286555,Green
2023-02-23,18,75000,-1.2387600518603672,Green
2023-02-24,107,60000,0.8544794549084767,Blue
2023-02-25,119,75000,-2.50188981919807,Green
2023-02-26,160,90000,-2.0533297835127597,Green
2023-02-27,197,60000,2.574021378122664,Red
2023-02-28,69,75000,0.8989863616096239,Green
2023-03-01,177,90000,1.0266020409489958,Red
2023-03-02,100,90000,-0.512912667241233,Red
2023-03-03,40,90000,-1.3932067466128641,Green
2023-03-04,92,60000,2.9444335700038513,Red
2023-03-05,191,90000,2.1501148490099284,Blue
2023-03-06,148,60000,-0.5251222859795268,Red
2023-03-07,149,90000,-0.18709254870334968,Green
2023-03-08,46,60000,1.6881848850890213,Green
2023-03-09,90,60000,-2.7382840950168434,Green
2023-03-10,110,90000,-2.3889831556251355,Green
2023-03-11,118,75000,2.780611010717829,Blue
2023-03-12,157,75000,-2.852182361192061,Red
2023-03-13,156,60000,-2.9429289617502388,Blue
2023-03-14,17,75000,2.1742560900104504,Green
2023-03-15,110,60000,-0.9979771416874139,Red
2023-03-16,140,75000,-1.0737201372041958,Red
2023-03-17,192,60000,1.4994719413540665,Red
2023-03-18,152,75000,-0.376121310972259,Red
2023-03-19,33,75000,0.7667340684078772,Red
2023-03-20,108,60000,0.6125697691110181,Blue
2023-03-21,166,60000,1.2932618638046645,Green
2023-03-22,10,60000,-1.7627561821431934,Blue
2023-03-23,13,75000,2.458855606802551,Red
2023-03-24,136,75000,0.7856758281682374,Green
2023-03-25,96,90000,2.2526078279523833,Blue
2023-03-26,96,90000,2.8812467711841663,Green
2023-03-27,158,75000,2.1662245738156782,Green
2023-03-28,59,90000,1.8625069362673363,Green
2023-03-29,164,90000,2.7286219484418037,Blue
2023-03-30,197,75000,2.1800960299118746,Red
2023-03-31,160,60000,-1.8515356079655494,Red
2023-04-01,58,60000,-2.2284735498992814,Blue
2023-04-02,27,60000,-0.25645022942741313,Blue
2023-04-03,118,90000,-1.1499874037417261,Red
2023-04-04,35,60000,0.5661265355751617,Red
2023-04-05,178,75000,-2.7039089579260613,Green
2023-04-06,104,60000,-0.8601540813378117,Green
2023-04-07,122,90000,-1.1876471876639347,Green
2023-04-08,167,90000,2.572363983174216,Red
2023-04-09,171,60000,-0.3104836406229414,Green
2023-04-10,13,75000,1.7082336903762663,Green
2023-04-11,106,75000,-2.8771848205207045,Red
2023-04-12,86,75000,-2.8346880199883175,Blue
2023-04-13,138,75000,2.2353565641753557,Red
2023-04-14,133,75000,-2.0229078728106966,Blue
2023-04-15,198,90000,0.015952476244356806,Blue
2023-04-16,138,60000,2.386020408076086,Blue
2023-04-17,156,75000,-2.9075899388446986,Blue
2023-04-18,196,90000,-0.2134764978362682,Blue
2023-04-19,84,75000,-2.4451670719608227,Green
2023-04-20,172,90000,-0.2521875036336274,Red
2023-04-21,173,90000,2.838197920691396,Red
2023-04-22,30,90000,-0.3840909079904833,Green
2023-04-23,127,90000,2.968444897905994,Green
2023-04-24,192,60000,-1.1131710533197712,Green
2023-04-25,71,75000,1.7111660994609865,Green
2023-04-26,72,75000,0.7814585610111386,Green
2023-04-27,132,75000,0.285853838725731,Red
2023-04-28,60,75000,-2.608694052924479,Red
2023-04-29,126,90000,-0.5039060551245678,Red
2023-04-30,121,90000,1.529215100723155,Blue
2023-05-01,40,90000,-2.49340374827349,Red
2023-05-02,58,60000,-1.3499493612846156,Blue
2023-05-03,146,75000,-2.0976360994989762,Green
2023-05-04,99,75000,1.276735470470884,Green
2023-05-05,85,60000,1.6949089956185794,Red
2023-05-06,155,60000,0.9794971625296047,Green
2023-05-07,150,75000,0.03024910433695638,Red
2023-05-08,141,60000,-1.0548309283112431,Blue
2023-05-09,27,60000,-0.7763482675608899,Red
2023-05-10,89,60000,0.4347434321074126,Red
2023-05-11,71,90000,1.7476739600634277,Blue
2023-05-12,136,90000,0.5050964255856418,Blue
2023-05-13,101,75000,-2.6815749511803832,Red
2023-05-14,170,90000,0.933693027025627,Red
2023-05-15,43,90000,-0.28274536635726744,Blue
2023-05-16,89,75000,-2.4819382371382868,Green
2023-05-17,189,60000,-1.8456542008943226,Blue
2023-05-18,43,90000,-1.8788778649675073,Green
2023-05-19,169,90000,-0.12784417888616506,Green
2023-05-20,157,60000,-0.07291038521460225,Blue
2023-05-21,4,60000,-2.4634101109308766,Blue
2023-05-22,83,60000,2.6475313907098696,Red
2023-05-23,153,60000,-0.4102861994695477,Red
2023-05-24,127,60000,2.3158800275412785,Blue
2023-05-25,34,60000,-1.8355513998944144,Red
2023-05-26,112,75000,-2.545635553708757,Green
2023-05-27,150,60000,-0.3343902876887199,Green
2023-05-28,12,60000,-1.2027602544036866,Red
2023-05-29,90,75000,1.058280126875001,Green
2023-05-30,44,90000,-0.9622534665768656,Red
2023-05-31,4,90000,1.0381216557832307,Blue
2023-06-01,52,90000,1.1426422840917558,Blue
2023-06-02,147,90000,0.8584564093611498,Green
2023-06-03,193,75000,-0.10032863523931113,Blue
2023-06-04,9,60000,-1.518785787543515,Red
2023-06-05,162,75000,1.233447421672814,Green
2023-06-06,148,60000,-2.7747359318567906,Red
2023-06-07,182,90000,1.6973792526462885,Red
2023-06-08,119,90000,-0.3198588866774883,Red
2023-06-09,200,75000,2.839709452187755,Green
2023-06-10,49,90000,-1.0165639350028133,Red
2023-06-11,68,75000,0.7992646886929768,Green
2023-06-12,51,75000,-2.937573516303985,Red
2023-06-13,20,60000,1.59346967321724,Blue
2023-06-14,8,75000,1.756820091547187,Blue
2023-06-15,61,75000,1.7149550000178495,Green
2023-06-16,131,90000,-1.9504690427322364,Red
2023-06-17,63,90000,-0.3783425086410488,Blue
2023-06-18,115,75000,-2.340319811611393,Blue
2023-06-19,118,75000,0.5161818942582106,Green
2023-06-20,13,75000,-1.0021200546580245,Red
2023-06-21,158,90000,1.6740140846415894,Green
2023-06-22,185,75000,2.1523887308425484,Green
2023-06-23,121,60000,-0.48093092254411696,Green
2023-06-24,110,75000,0.2346595302144978,Red
2023-06-25,127,75000,2.739861503063068,Blue
2023-06-26,36,90000,-2.763473648434485,Blue
2023-06-27,107,60000,-1.9578681674763205,Blue
2023-06-28,87,60000,0.09674430908085307,Blue
2023-06-29,200,75000,2.7836708989984515,Green
2023-06-30,195,60000,2.045819051129331,Green
2023-07-01,67,75000,-2.1751416992902097,Red
2023-07-02,108,60000,-1.5651280166508574,Green
2023-07-03,44,60000,-2.3563253219620974,Blue
2023-07-04,43,75000,-2.3225441018094957,Red
2023-07-05,165,90000,2.5423503728083885,Green
2023-07-06,60,60000,-1.1382831760972223,Red
2023-07-07,65,75000,-1.8851664879238414,Blue
2023-07-08,141,90000,-2.3535697091628185,Green
2023-07-09,141,90000,1.6524083258575555,Red
2023-07-10,24,75000,1.8179839710717092,Green
2023-07-11,109,90000,-2.3767653486003937,Blue
2023-07-12,179,75000,-0.9015397940272973,Blue
2023-07-13,133,60000,0.20741152800652118,Red
2023-07-14,16,90000,-0.7979981089920569,Red
2023-07-15,76,90000,-1.856901793516029,Blue
2023-07-16,127,75000,-0.9335311767753085,Green
2023-07-17,194,90000,-2.57624030405554,Green
2023-07-18,188,90000,0.6507663389213625,Blue
2023-07-19,110,90000,1.342290986888517,Red
2023-07-20,179,60000,-0.40640247843000443,Blue
2023-07-21,163,60000,1.6806580342010218,Green
2023-07-22,65,75000,-2.8636808416007407,Blue
2023-07-23,79,75000,-1.7822812061711204,Green
